HI(m),Heq,ZI(m),Zeq,REI,REeq(m),D(m)
0.01,0.08830357,1,0.92169643,0.05000119,0.0239,1.0921
0.01,0.10509409,1,0.90490591,0.09999803,0.0683,0.4641
0.01,0.1090171,1,0.9009829,0.1500057,0.117,0.2821
0.01,0.106012,1,0.903988,0.200004,0.168,0.1905
0.01,0.11893447,1,0.89106553,0.30001149,0.2637,0.1377
